<queryResult>
  <script id="tinyhippos-injected"/>
  <metadata>
    <name>ReportsXml</name>
    <description/>
    <objectIdentifier>wt.query.template.ReportTemplate:12143436</objectIdentifier>
    <sourceSystem>http://wsflexwebprd1v.res.hbi.net:80/Windchill</sourceSystem>
    <sourceGateway>
      http://wsflexwebprd1v.res.hbi.net/Windchill/servlet/WindchillAuthGW/
    </sourceGateway>
    <navigationIcon>
      http://wsflexwebprd1v.res.hbi.net/Windchill/netmarkets/images/details.gif
    </navigationIcon>
    <adhocUrl>
      http://wsflexwebprd1v.res.hbi.net/Windchill/wtcore/jsp/report/runReportAdhoc.jsp?action=AdhocReport
    </adhocUrl>
    <executingPrincipal>
      <fullName>menglish</fullName>
      <objectIdentifier>wt.org.WTUser:150128</objectIdentifier>
    </executingPrincipal>
    <timeOfExecution>2016-09-08 04:26:39 GMT</timeOfExecution>
    <locale>en_US</locale>
  </metadata>
  <auxData>
    <dataItem name="action">ExecuteReport</dataItem>
    <dataItem name="componentType">INFO</dataItem>
    <dataItem name="refreshedFromPopup">none</dataItem>
    <dataItem name="selectedInOpener">none</dataItem>
    <dataItem name="wizardActionMethod">execute</dataItem>
    <dataItem name="nmwindowname">none</dataItem>
    <dataItem name="openerExecuteLocation">none</dataItem>
    <dataItem name="AjaxEnabled">component</dataItem>
    <dataItem name="u8">1</dataItem>
    <dataItem name="popupActionClass"/>
    <dataItem name="openerElemAddress">none</dataItem>
    <dataItem name="openerActionMethod">none</dataItem>
    <dataItem name="portlet">poppedup</dataItem>
    <dataItem name="yposition">none</dataItem>
    <dataItem name="CSRF_NONCE">
      aYxw/nwIeZVsTWej0Ne2AvPDWk9mV6Y0HdknFNmEadk=:1473300558908:ZPz9Uip3vCixeMEflfDgHg==, aYxw/nwIeZVsTWej0Ne2AvPDWk9mV6Y0HdknFNmEadk=:1473300558908:ZPz9Uip3vCixeMEflfDgHg==
    </dataItem>
    <dataItem name="unique_page_number">58485281415136_0</dataItem>
    <dataItem name="compContext">none</dataItem>
    <dataItem name="current">none</dataItem>
    <dataItem name="popupExecuteLocation">inbegin</dataItem>
    <dataItem name="popupElemAddress">OR:wt.query.template.ReportTemplate:12143436!*</dataItem>
    <dataItem name="nmdeltawidth">none</dataItem>
    <dataItem name="executeLocation">inbegin</dataItem>
    <dataItem name="nmwidth">none</dataItem>
    <dataItem name="onPageAction">none</dataItem>
    <dataItem name="cacheBuster">1473308979887</dataItem>
    <dataItem name="actionClass">none</dataItem>
    <dataItem name="actionMethod">none</dataItem>
    <dataItem name="popupActionMethod">execute</dataItem>
    <dataItem name="nmopenwidth">none</dataItem>
    <dataItem name="openerCompContext">none</dataItem>
    <dataItem name="oid">
      OR:wt.query.template.ReportTemplate:12143436, OR:wt.query.template.ReportTemplate:12143436
    </dataItem>
    <dataItem name="nmopenheight">none</dataItem>
    <dataItem name="nmdeltaheight">none</dataItem>
    <dataItem name="elemAddress">none</dataItem>
    <dataItem name="xposition">none</dataItem>
    <dataItem name="action_number">inbegin</dataItem>
    <dataItem name="nmheight">none</dataItem>
    <dataItem name="ActionSource">PJLseedObjects</dataItem>
    <dataItem name="popupCompContext">
      tcomp$infoPage$OR:wt.query.template.ReportTemplate:12143436$
    </dataItem>
    <dataItem name="context">
      tcomp$infoPage$OR:wt.query.template.ReportTemplate:12143436$OR:wt.query.template.ReportTemplate:12143436!*, tcomp$infoPage$OR:wt.query.template.ReportTemplate:12143436$OR:wt.query.template.ReportTemplate:12143436!*
    </dataItem>
    <dataItem name="actionName">generate</dataItem>
    <dataItem name="openerActionClass">none</dataItem>
    <dataItem name="jrb">wt.query.template.reportTemplateRB</dataItem>
  </auxData>
  <qml bypassAccessControl="false" legacyMode="true">
    <statement>
      <query aliasPrefix="A">
        <select distinct="false" group="false">
          <object alias="Report Template" heading="report" propertyName=""/>
        </select>
        <from>
          <table alias="Report Template" index="0" isExternal="false">wt.query.template.ReportTemplate</table>
          <table alias="wt.ufid.Federatable" index="1" isExternal="false">wt.ufid.Federatable</table>
        </from>
        <referenceJoin>
          <join name="containerReference">
            <aliasTarget alias="Report Template"/>
            <aliasTarget alias="wt.ufid.Federatable"/>
          </join>
        </referenceJoin>
      </query>
    </statement>
  </qml>
  <result>
    <heading type="wt.query.template.ReportTemplate" tag="report">report</heading>
    <row idx="1">
      <report type="wt.query.template.ReportTemplate" objectId="31221153">materialColorsByMaterialColorIds</report>
    </row>
    <row idx="2">
      <report type="wt.query.template.ReportTemplate" objectId="31221143">colorsByColorId</report>
    </row>
    <row idx="3">
      <report type="wt.query.template.ReportTemplate" objectId="27665118">Elastic Report All Attributes</report>
    </row>
    <row idx="4">
      <report type="wt.query.template.ReportTemplate" objectId="24495995">garmentProdSpecGarmentAndColorwayBoms2</report>
    </row>
    <row idx="5">
      <report type="wt.query.template.ReportTemplate" objectId="24444913">attribute value store with list ID</report>
    </row>
    <row idx="6">
      <report type="wt.query.template.ReportTemplate" objectId="23990321">garmentProdSpecGarmentAndColorwayBomsV2</report>
    </row>
    <row idx="7">
      <report type="wt.query.template.ReportTemplate" objectId="23388348">Block Weights - Trim Report</report>
    </row>
    <row idx="8">
      <report type="wt.query.template.ReportTemplate" objectId="23995475">garmentProdSpecGarmentAndColorwayBomsV3</report>
    </row>
    <row idx="9">
      <report type="wt.query.template.ReportTemplate" objectId="23294795">trimReportComboQuery</report>
    </row>
    <row idx="10">
      <report type="wt.query.template.ReportTemplate" objectId="31086536">garmentProdSpecBomsOfColorwayProduct</report>
    </row>
    <row idx="11">
      <report type="wt.query.template.ReportTemplate" objectId="31081398">SkuTest</report>
    </row>
    <row idx="12">
      <report type="wt.query.template.ReportTemplate" objectId="27204694">Block Weight New Report_Copy</report>
    </row>
    <row idx="13">
      <report type="wt.query.template.ReportTemplate" objectId="26349481">
        garmentProdSpecGarmentAndColorwayBoms_RebuildSkuLevel
      </report>
    </row>
    <row idx="14">
      <report type="wt.query.template.ReportTemplate" objectId="26342508">garmentProdSpecGarmentAndColorwayBoms_Rebuild</report>
    </row>
    <row idx="15">
      <report type="wt.query.template.ReportTemplate" objectId="23394008">Block Weights - All Report</report>
    </row>
    <row idx="16">
      <report type="wt.query.template.ReportTemplate" objectId="23990587">
        garmentProdSpecGarmentAndColorwayJustMaterialColors
      </report>
    </row>
    <row idx="17">
      <report type="wt.query.template.ReportTemplate" objectId="23246401">trimReportGetProductByName</report>
    </row>
    <row idx="18">
      <report type="wt.query.template.ReportTemplate" objectId="22963266">garmentProdSpecGarmentAllBomMaterials</report>
    </row>
    <row idx="19">
      <report type="wt.query.template.ReportTemplate" objectId="29674653">skuAuditQuery</report>
    </row>
    <row idx="20">
      <report type="wt.query.template.ReportTemplate" objectId="2334377">By Manf fabric</report>
    </row>
    <row idx="21">
      <report type="wt.query.template.ReportTemplate" objectId="23393380">trimReportGetProductByNamePatternProductCombo</report>
    </row>
    <row idx="22">
      <report type="wt.query.template.ReportTemplate" objectId="23357016">trimReportComboQueryBackup</report>
    </row>
    <row idx="23">
      <report type="wt.query.template.ReportTemplate" objectId="23303790">trimReportMaterialAndCylinders</report>
    </row>
    <row idx="24">
      <report type="wt.query.template.ReportTemplate" objectId="23254182">trimReportGetProductByNameGarmentProduct</report>
    </row>
    <row idx="25">
      <report type="wt.query.template.ReportTemplate" objectId="23264434">trimReportGetProductByNamePatternProduct</report>
    </row>
    <row idx="26">
      <report type="wt.query.template.ReportTemplate" objectId="17352731">Material Subset</report>
    </row>
    <row idx="27">
      <report type="wt.query.template.ReportTemplate" objectId="17053589">Season With All History</report>
    </row>
    <row idx="28">
      <report type="wt.query.template.ReportTemplate" objectId="16481579">Colorway Bom for Dye Material Project</report>
    </row>
    <row idx="29">
      <report type="wt.query.template.ReportTemplate" objectId="16472610">Selling To Colorway</report>
    </row>
    <row idx="30">
      <report type="wt.query.template.ReportTemplate" objectId="16378255">colorCheckerForDescription</report>
    </row>
    <row idx="31">
      <report type="wt.query.template.ReportTemplate" objectId="16374620">colorCheckers</report>
    </row>
    <row idx="32">
      <report type="wt.query.template.ReportTemplate" objectId="16239252">attFlexXML2JustXml</report>
    </row>
    <row idx="33">
      <report type="wt.query.template.ReportTemplate" objectId="13890664">
        Pattern to Garment For Trim (x) XML with cylinders ask upon generation
      </report>
    </row>
    <row idx="34">
      <report type="wt.query.template.ReportTemplate" objectId="12749883">Finished Fabric List</report>
    </row>
    <row idx="35">
      <report type="wt.query.template.ReportTemplate" objectId="12723074">manf fabric by master fabric</report>
    </row>
    <row idx="36">
      <report type="wt.query.template.ReportTemplate" objectId="12380544">check for david materials</report>
    </row>
    <row idx="37">
      <report type="wt.query.template.ReportTemplate" objectId="12147639">
        garmentProdSpecsGarmentAndPatternComponentsApprovedSuppliers
      </report>
    </row>
    <row idx="38">
      <report type="wt.query.template.ReportTemplate" objectId="20485660">csiColorsWithRgb</report>
    </row>
    <row idx="39">
      <report type="wt.query.template.ReportTemplate" objectId="16965219">Selling Products For Deletion</report>
    </row>
    <row idx="40">
      <report type="wt.query.template.ReportTemplate" objectId="13491268">elasticReportForJennifer</report>
    </row>
    <row idx="41">
      <report type="wt.query.template.ReportTemplate" objectId="13491044">testingJenniferSpec</report>
    </row>
    <row idx="42">
      <report type="wt.query.template.ReportTemplate" objectId="13107695">workflowByUser</report>
    </row>
    <row idx="43">
      <report type="wt.query.template.ReportTemplate" objectId="12518829">Palette Material Color Link</report>
    </row>
    <row idx="44">
      <report type="wt.query.template.ReportTemplate" objectId="12499540">Master Fabrics in garment no babies</report>
    </row>
    <row idx="45">
      <report type="wt.query.template.ReportTemplate" objectId="12492426">Master Fabrics in Garment Style</report>
    </row>
    <row idx="46">
      <report type="wt.query.template.ReportTemplate" objectId="12022431">
        Pattern to Garment For Trim (c) Prompt with cylinders
      </report>
    </row>
    <row idx="47">
      <report type="wt.query.template.ReportTemplate" objectId="22452599">complianceReport</report>
    </row>
    <row idx="48">
      <report type="wt.query.template.ReportTemplate" objectId="16873173">Placeholders</report>
    </row>
    <row idx="49">
      <report type="wt.query.template.ReportTemplate" objectId="16221038">Material All</report>
    </row>
    <row idx="50">
      <report type="wt.query.template.ReportTemplate" objectId="15611815">test</report>
    </row>
    <row idx="51">
      <report type="wt.query.template.ReportTemplate" objectId="14904888">Construction Details by Garment test version</report>
    </row>
    <row idx="52">
      <report type="wt.query.template.ReportTemplate" objectId="13775977">Products with Part codes other than 1</report>
    </row>
    <row idx="53">
      <report type="wt.query.template.ReportTemplate" objectId="13155783">manfFabricToGarmentProduct</report>
    </row>
    <row idx="54">
      <report type="wt.query.template.ReportTemplate" objectId="13120478">materialLookupMulti</report>
    </row>
    <row idx="55">
      <report type="wt.query.template.ReportTemplate" objectId="12040496">Pattern to Garment For Spread (c)</report>
    </row>
    <row idx="56">
      <report type="wt.query.template.ReportTemplate" objectId="11367765">ActiveWearPatternGarmentPRoductsAndComponentsAll</report>
    </row>
    <row idx="57">
      <report type="wt.query.template.ReportTemplate" objectId="11365070">ActiveWearPatternGarmentProductsAndComponents</report>
    </row>
    <row idx="58">
      <report type="wt.query.template.ReportTemplate" objectId="15611812">toGetSql</report>
    </row>
    <row idx="59">
      <report type="wt.query.template.ReportTemplate" objectId="13890603">Palettes to Sub Palettes</report>
    </row>
    <row idx="60">
      <report type="wt.query.template.ReportTemplate" objectId="13653050">partCodeQuery</report>
    </row>
    <row idx="61">
      <report type="wt.query.template.ReportTemplate" objectId="13490207">Fabric Spec For Jennifer</report>
    </row>
    <row idx="62">
      <report type="wt.query.template.ReportTemplate" objectId="13491009">Fabric Spec for Jennifer2</report>
    </row>
    <row idx="63">
      <report type="wt.query.template.ReportTemplate" objectId="12134557">garmentProdSpecGarmentAndPatternComponentsUserIds</report>
    </row>
    <row idx="64">
      <report type="wt.query.template.ReportTemplate" objectId="12143436">ReportsXml</report>
    </row>
    <row idx="65">
      <report type="wt.query.template.ReportTemplate" objectId="12079049">
        garmentProdSpecGarmentAndPatternComponentsGarmentSewBom
      </report>
    </row>
    <row idx="66">
      <report type="wt.query.template.ReportTemplate" objectId="12076562">
        garmentProdSpecGarmentAndPatternComponentsPatternSewBom
      </report>
    </row>
    <row idx="67">
      <report type="wt.query.template.ReportTemplate" objectId="12055210">Value Store</report>
    </row>
    <row idx="68">
      <report type="wt.query.template.ReportTemplate" objectId="12052960">fabricBuyReportForJennifer</report>
    </row>
    <row idx="69">
      <report type="wt.query.template.ReportTemplate" objectId="11671909">Flex Plans</report>
    </row>
    <row idx="70">
      <report type="wt.query.template.ReportTemplate" objectId="11505756">Cteam2</report>
    </row>
    <row idx="71">
      <report type="wt.query.template.ReportTemplate" objectId="11407092">garmentProdSpecGarmentAndPatternComponentsSewBOM</report>
    </row>
    <row idx="72">
      <report type="wt.query.template.ReportTemplate" objectId="12131345">
        garmentProdSpecGarmentAndPatternComponentsRevisionObjects
      </report>
    </row>
    <row idx="73">
      <report type="wt.query.template.ReportTemplate" objectId="11362862">ActiveWearGarmentProducts</report>
    </row>
    <row idx="74">
      <report type="wt.query.template.ReportTemplate" objectId="11364106">ActiveWearPatternProducts</report>
    </row>
    <row idx="75">
      <report type="wt.query.template.ReportTemplate" objectId="11202897">SamplesBySeason</report>
    </row>
    <row idx="76">
      <report type="wt.query.template.ReportTemplate" objectId="11151172">testGuse</report>
    </row>
    <row idx="77">
      <report type="wt.query.template.ReportTemplate" objectId="11146551">garmentProdSpecGarmentAndColorwayBomsV2AllColors</report>
    </row>
    <row idx="78">
      <report type="wt.query.template.ReportTemplate" objectId="11139415">Palette To Material Link</report>
    </row>
    <row idx="79">
      <report type="wt.query.template.ReportTemplate" objectId="11138822">foundationManaged</report>
    </row>
    <row idx="80">
      <report type="wt.query.template.ReportTemplate" objectId="11138313">garmentProdSpecsGarmentMOAs</report>
    </row>
    <row idx="81">
      <report type="wt.query.template.ReportTemplate" objectId="10983486">
        Pattern To Garment For Trim (c) delegateName param with Cylinders
      </report>
    </row>
    <row idx="82">
      <report type="wt.query.template.ReportTemplate" objectId="11139837">Values</report>
    </row>
    <row idx="83">
      <report type="wt.query.template.ReportTemplate" objectId="11139523">Material to Material Color</report>
    </row>
    <row idx="84">
      <report type="wt.query.template.ReportTemplate" objectId="11139417">Owner of Sample</report>
    </row>
    <row idx="85">
      <report type="wt.query.template.ReportTemplate" objectId="11138977">valuestore</report>
    </row>
    <row idx="86">
      <report type="wt.query.template.ReportTemplate" objectId="11115119">Flex Type and Table Name</report>
    </row>
    <row idx="87">
      <report type="wt.query.template.ReportTemplate" objectId="11076428">configurableMastersLInk</report>
    </row>
    <row idx="88">
      <report type="wt.query.template.ReportTemplate" objectId="11076103">EPMandWTPart_IDandVersionLink</report>
    </row>
    <row idx="89">
      <report type="wt.query.template.ReportTemplate" objectId="11048122">ThreadMaterialSupplier</report>
    </row>
    <row idx="90">
      <report type="wt.query.template.ReportTemplate" objectId="10777566">garmentProdSpecGarmentAndColorwayColorways</report>
    </row>
    <row idx="91">
      <report type="wt.query.template.ReportTemplate" objectId="11204492">justSeasons</report>
    </row>
    <row idx="92">
      <report type="wt.query.template.ReportTemplate" objectId="11201208">samplesOutsideABom</report>
    </row>
    <row idx="93">
      <report type="wt.query.template.ReportTemplate" objectId="11168991">getCwayBomsLegWMaterial</report>
    </row>
    <row idx="94">
      <report type="wt.query.template.ReportTemplate" objectId="11085648">reference values</report>
    </row>
    <row idx="95">
      <report type="wt.query.template.ReportTemplate" objectId="11082162">Flex Type Object Refs w.Ref</report>
    </row>
    <row idx="96">
      <report type="wt.query.template.ReportTemplate" objectId="11082158">Flex Type Attributes</report>
    </row>
    <row idx="97">
      <report type="wt.query.template.ReportTemplate" objectId="11078569">objectToObject</report>
    </row>
    <row idx="98">
      <report type="wt.query.template.ReportTemplate" objectId="11067235">labelProductBom2OuterJoinTest</report>
    </row>
    <row idx="99">
      <report type="wt.query.template.ReportTemplate" objectId="11057483">garmentProdSpecsGarmentLabelProductBom</report>
    </row>
    <row idx="100">
      <report type="wt.query.template.ReportTemplate" objectId="11033513">
        garmentProdSpecsGarmentAndPatternComponentsBizObjectInParam
      </report>
    </row>
    <row idx="101">
      <report type="wt.query.template.ReportTemplate" objectId="11140734">
        garmentPRodSpecGarmentAndPatternMaterialsByBranches
      </report>
    </row>
    <row idx="102">
      <report type="wt.query.template.ReportTemplate" objectId="11125303">attFlexTypeTheFlexTypeAttribute</report>
    </row>
    <row idx="103">
      <report type="wt.query.template.ReportTemplate" objectId="11124059">Format</report>
    </row>
    <row idx="104">
      <report type="wt.query.template.ReportTemplate" objectId="11077073">materialColorSubQueryTest</report>
    </row>
    <row idx="105">
      <report type="wt.query.template.ReportTemplate" objectId="11073340">materialColorReference</report>
    </row>
    <row idx="106">
      <report type="wt.query.template.ReportTemplate" objectId="11071710">bomLinkOuterJoinTest</report>
    </row>
    <row idx="107">
      <report type="wt.query.template.ReportTemplate" objectId="11071457">refTypeTheFlexAttribute</report>
    </row>
    <row idx="108">
      <report type="wt.query.template.ReportTemplate" objectId="11070872">
        garmentProdSpecGarmentAndColorwayBomsOuterJoinAttempt
      </report>
    </row>
    <row idx="109">
      <report type="wt.query.template.ReportTemplate" objectId="10771639">trimForDataLoadingWithCylinders</report>
    </row>
    <row idx="110">
      <report type="wt.query.template.ReportTemplate" objectId="10734353">garmentProdSpecGarmentAndColorwayBomsJustBranch</report>
    </row>
    <row idx="111">
      <report type="wt.query.template.ReportTemplate" objectId="10444977">Material Sew Query</report>
    </row>
    <row idx="112">
      <report type="wt.query.template.ReportTemplate" objectId="10359375">LCSSourceToSeasonLink</report>
    </row>
    <row idx="113">
      <report type="wt.query.template.ReportTemplate" objectId="10352367">Garment Prod to Garment Specs V2</report>
    </row>
    <row idx="114">
      <report type="wt.query.template.ReportTemplate" objectId="10327803">POMs</report>
    </row>
    <row idx="115">
      <report type="wt.query.template.ReportTemplate" objectId="10006274">getFileName</report>
    </row>
    <row idx="116">
      <report type="wt.query.template.ReportTemplate" objectId="10001372">DocumentV3WithFv</report>
    </row>
    <row idx="117">
      <report type="wt.query.template.ReportTemplate" objectId="9999594">
        garmentProdSpecGarmentAndPatternComponentsJustSpecGet
      </report>
    </row>
    <row idx="118">
      <report type="wt.query.template.ReportTemplate" objectId="9998935">wt.Fv.Folders</report>
    </row>
    <row idx="119">
      <report type="wt.query.template.ReportTemplate" objectId="9995669">
        garmentProdSpecGarmentAndPatternComponentsDOCUMENTSwFolders
      </report>
    </row>
    <row idx="120">
      <report type="wt.query.template.ReportTemplate" objectId="9991486">garmentProdSpecsGarmentIMAGES</report>
    </row>
    <row idx="121">
      <report type="wt.query.template.ReportTemplate" objectId="9991102">garmentToPatternColorwayOuterJoinTrueJoinUse</report>
    </row>
    <row idx="122">
      <report type="wt.query.template.ReportTemplate" objectId="9996125">documentForJustImageUrl</report>
    </row>
    <row idx="123">
      <report type="wt.query.template.ReportTemplate" objectId="10343155">
        garmentProdSpecGarmentAndPatternComponentsWEachConnectionCONSTRUCTION
      </report>
    </row>
    <row idx="124">
      <report type="wt.query.template.ReportTemplate" objectId="9991090">garmentToPatternColorwayOuterJoinTest</report>
    </row>
    <row idx="125">
      <report type="wt.query.template.ReportTemplate" objectId="9953826">
        garmentProdSpecGarmentAndPatternComponentsWEachConnectionBOMS
      </report>
    </row>
    <row idx="126">
      <report type="wt.query.template.ReportTemplate" objectId="9990008">garmentToPatternToColorway</report>
    </row>
    <row idx="127">
      <report type="wt.query.template.ReportTemplate" objectId="9952651">
        gamentProdSpecGarmentAndPatternComponentsWEachConnection
      </report>
    </row>
    <row idx="128">
      <report type="wt.query.template.ReportTemplate" objectId="9953962">
        garmentProdSpecsGarmentAndPatternComponentsWEachConnectionMEASUREMENTS
      </report>
    </row>
    <row idx="129">
      <report type="wt.query.template.ReportTemplate" objectId="9899742">garmentProdSpecToComponentLinks</report>
    </row>
    <row idx="130">
      <report type="wt.query.template.ReportTemplate" objectId="9823324">prodLink</report>
    </row>
    <row idx="131">
      <report type="wt.query.template.ReportTemplate" objectId="9664752">ColorToPaletteDuplicate</report>
    </row>
    <row idx="132">
      <report type="wt.query.template.ReportTemplate" objectId="9594153">003FinishReport</report>
    </row>
    <row idx="133">
      <report type="wt.query.template.ReportTemplate" objectId="9530675">Pantones Used</report>
    </row>
    <row idx="134">
      <report type="wt.query.template.ReportTemplate" objectId="9530426">Pantones</report>
    </row>
    <row idx="135">
      <report type="wt.query.template.ReportTemplate" objectId="9246576">attFlex9.2</report>
    </row>
    <row idx="136">
      <report type="wt.query.template.ReportTemplate" objectId="9204773">ProductAndSeasonNameWithParameters</report>
    </row>
    <row idx="137">
      <report type="wt.query.template.ReportTemplate" objectId="8913815">measurementLoaderQueryWithPoms</report>
    </row>
    <row idx="138">
      <report type="wt.query.template.ReportTemplate" objectId="8765758">getEditMeasurementsLink</report>
    </row>
    <row idx="139">
      <report type="wt.query.template.ReportTemplate" objectId="8712676">withAttributesColumnViews</report>
    </row>
    <row idx="140">
      <report type="wt.query.template.ReportTemplate" objectId="10732525">garmentProdSpecGarmentAndColorwayBoms</report>
    </row>
    <row idx="141">
      <report type="wt.query.template.ReportTemplate" objectId="10596321">garmentProdSpecsAndSuchAttributeValueListCall</report>
    </row>
    <row idx="142">
      <report type="wt.query.template.ReportTemplate" objectId="10430767">garmentToLinkedProducts</report>
    </row>
    <row idx="143">
      <report type="wt.query.template.ReportTemplate" objectId="10247754">
        garmentProdSpecGarmentAndPatternComponentsDOCUMENTSV3.Svg
      </report>
    </row>
    <row idx="144">
      <report type="wt.query.template.ReportTemplate" objectId="9996723">
        garmentProdSpecGarmentAndPatternComponentsDOCUMENTSV3
      </report>
    </row>
    <row idx="145">
      <report type="wt.query.template.ReportTemplate" objectId="10137009">fabricSpecDataPage1All</report>
    </row>
    <row idx="146">
      <report type="wt.query.template.ReportTemplate" objectId="9995685">
        garmentProdSpecsGarmentAndPatternComponentsContentAppData
      </report>
    </row>
    <row idx="147">
      <report type="wt.query.template.ReportTemplate" objectId="9995435">
        garmentProdSpecGarmentAndPatternComponentsDOCUMENTSv2
      </report>
    </row>
    <row idx="148">
      <report type="wt.query.template.ReportTemplate" objectId="9952392">garmentProdSpecGarmentAndPatternComponents</report>
    </row>
    <row idx="149">
      <report type="wt.query.template.ReportTemplate" objectId="9991508">garmentAndPatternCONTENTIMAGES</report>
    </row>
    <row idx="150">
      <report type="wt.query.template.ReportTemplate" objectId="9663785">Garment Prod to Garment Specs</report>
    </row>
    <row idx="151">
      <report type="wt.query.template.ReportTemplate" objectId="9655217">bomsInSystem</report>
    </row>
    <row idx="152">
      <report type="wt.query.template.ReportTemplate" objectId="9454576">testSpecJustProperties</report>
    </row>
    <row idx="153">
      <report type="wt.query.template.ReportTemplate" objectId="9454574">testSpecifications</report>
    </row>
    <row idx="154">
      <report type="wt.query.template.ReportTemplate" objectId="9245434">attFlexXML</report>
    </row>
    <row idx="155">
      <report type="wt.query.template.ReportTemplate" objectId="9454572">moaTypes</report>
    </row>
    <row idx="156">
      <report type="wt.query.template.ReportTemplate" objectId="8886895">measurementsLoaderQuery</report>
    </row>
    <row idx="157">
      <report type="wt.query.template.ReportTemplate" objectId="8813204">gradings</report>
    </row>
    <row idx="158">
      <report type="wt.query.template.ReportTemplate" objectId="8712234">columnViewsInSystem</report>
    </row>
    <row idx="159">
      <report type="wt.query.template.ReportTemplate" objectId="8682400">ContentApplicationDataImageProducts</report>
    </row>
    <row idx="160">
      <report type="wt.query.template.ReportTemplate" objectId="8663048">objectAttributeForBlockProductMigration</report>
    </row>
    <row idx="161">
      <report type="wt.query.template.ReportTemplate" objectId="8650960">Views</report>
    </row>
    <row idx="162">
      <report type="wt.query.template.ReportTemplate" objectId="8473734">BlockProductsWithMeasurementMaster</report>
    </row>
    <row idx="163">
      <report type="wt.query.template.ReportTemplate" objectId="8419417">pSize</report>
    </row>
    <row idx="164">
      <report type="wt.query.template.ReportTemplate" objectId="8418584">BlockProductsForMapWithSize</report>
    </row>
    <row idx="165">
      <report type="wt.query.template.ReportTemplate" objectId="8165286">
        Pattern Prod to Sourcing Config (reference seasons only)
      </report>
    </row>
    <row idx="166">
      <report type="wt.query.template.ReportTemplate" objectId="8147134">Pattern Prod To Spec</report>
    </row>
    <row idx="167">
      <report type="wt.query.template.ReportTemplate" objectId="7550070">AdminDomain</report>
    </row>
    <row idx="168">
      <report type="wt.query.template.ReportTemplate" objectId="7481805">colorHistory</report>
    </row>
    <row idx="169">
      <report type="wt.query.template.ReportTemplate" objectId="7335849">Material Supplier</report>
    </row>
    <row idx="170">
      <report type="wt.query.template.ReportTemplate" objectId="6923857">Color Types</report>
    </row>
    <row idx="171">
      <report type="wt.query.template.ReportTemplate" objectId="6466152">Pattern to Garment For Trim (c) XML with cylinders</report>
    </row>
    <row idx="172">
      <report type="wt.query.template.ReportTemplate" objectId="6251144">PD0205</report>
    </row>
    <row idx="173">
      <report type="wt.query.template.ReportTemplate" objectId="8660778">System Views</report>
    </row>
    <row idx="174">
      <report type="wt.query.template.ReportTemplate" objectId="8421373">BlockProductsWithMeasurementSet</report>
    </row>
    <row idx="175">
      <report type="wt.query.template.ReportTemplate" objectId="8418930">actualSizeRange</report>
    </row>
    <row idx="176">
      <report type="wt.query.template.ReportTemplate" objectId="8417039">BlockProductsForMap</report>
    </row>
    <row idx="177">
      <report type="wt.query.template.ReportTemplate" objectId="8147697">VaultedWTDocFiles</report>
    </row>
    <row idx="178">
      <report type="wt.query.template.ReportTemplate" objectId="8147693">Types and mapped attributes</report>
    </row>
    <row idx="179">
      <report type="wt.query.template.ReportTemplate" objectId="7544933">Principal LInk</report>
    </row>
    <row idx="180">
      <report type="wt.query.template.ReportTemplate" objectId="7544929">User Principal</report>
    </row>
    <row idx="181">
      <report type="wt.query.template.ReportTemplate" objectId="7544857">Security Audit</report>
    </row>
    <row idx="182">
      <report type="wt.query.template.ReportTemplate" objectId="7241960">lcsMapForAccessoryDataLoadFile</report>
    </row>
    <row idx="183">
      <report type="wt.query.template.ReportTemplate" objectId="7178340">Material Data-Garment Labels</report>
    </row>
    <row idx="184">
      <report type="wt.query.template.ReportTemplate" objectId="6805949">Master Threads</report>
    </row>
    <row idx="185">
      <report type="wt.query.template.ReportTemplate" objectId="6486785">BOM Report Example Latest Iteration</report>
    </row>
    <row idx="186">
      <report type="wt.query.template.ReportTemplate" objectId="6428446">Bom Comparison Report Get Iteration</report>
    </row>
    <row idx="187">
      <report type="wt.query.template.ReportTemplate" objectId="6519293">Material Query</report>
    </row>
    <row idx="188">
      <report type="wt.query.template.ReportTemplate" objectId="8444723">Part Code Id Search</report>
    </row>
    <row idx="189">
      <report type="wt.query.template.ReportTemplate" objectId="8147682">User Accounts</report>
    </row>
    <row idx="190">
      <report type="wt.query.template.ReportTemplate" objectId="8147668">ContextTeams-Products</report>
    </row>
    <row idx="191">
      <report type="wt.query.template.ReportTemplate" objectId="7773212">PrintCodes</report>
    </row>
    <row idx="192">
      <report type="wt.query.template.ReportTemplate" objectId="7360149">Garment Product -Compliance</report>
    </row>
    <row idx="193">
      <report type="wt.query.template.ReportTemplate" objectId="7186523">factoryDataUpload</report>
    </row>
    <row idx="194">
      <report type="wt.query.template.ReportTemplate" objectId="7181956">Material Supplier-Data</report>
    </row>
    <row idx="195">
      <report type="wt.query.template.ReportTemplate" objectId="7175447">Material Data</report>
    </row>
    <row idx="196">
      <report type="wt.query.template.ReportTemplate" objectId="6895410">updateColorSpecificVersionReport</report>
    </row>
    <row idx="197">
      <report type="wt.query.template.ReportTemplate" objectId="6595115">Fabric Material Colors</report>
    </row>
    <row idx="198">
      <report type="wt.query.template.ReportTemplate" objectId="6486896">Bom Report Example non-Latest Iteration</report>
    </row>
    <row idx="199">
      <report type="wt.query.template.ReportTemplate" objectId="6428385">BOM Report Example OneOffVersion</report>
    </row>
    <row idx="200">
      <report type="wt.query.template.ReportTemplate" objectId="8147664">User Account Info</report>
    </row>
    <row idx="201">
      <report type="wt.query.template.ReportTemplate" objectId="7763479">attFlexTypeProduct</report>
    </row>
    <row idx="202">
      <report type="wt.query.template.ReportTemplate" objectId="7725556">colorToPaletteXml</report>
    </row>
    <row idx="203">
      <report type="wt.query.template.ReportTemplate" objectId="7270512">labels</report>
    </row>
    <row idx="204">
      <report type="wt.query.template.ReportTemplate" objectId="7233896">attFlexTypeThread</report>
    </row>
    <row idx="205">
      <report type="wt.query.template.ReportTemplate" objectId="7231925">MaterialHistoryNameGet</report>
    </row>
    <row idx="206">
      <report type="wt.query.template.ReportTemplate" objectId="7220131">attFlexType</report>
    </row>
    <row idx="207">
      <report type="wt.query.template.ReportTemplate" objectId="7215508">Palette-Color-Fabricreport</report>
    </row>
    <row idx="208">
      <report type="wt.query.template.ReportTemplate" objectId="7214797">Master Fabric Material Colors</report>
    </row>
    <row idx="209">
      <report type="wt.query.template.ReportTemplate" objectId="7164311">Business Objects with Id</report>
    </row>
    <row idx="210">
      <report type="wt.query.template.ReportTemplate" objectId="7154352">lcsSupplier</report>
    </row>
    <row idx="211">
      <report type="wt.query.template.ReportTemplate" objectId="6994210">Colorway Report Tech Spec A2 Just Branch ID</report>
    </row>
    <row idx="212">
      <report type="wt.query.template.ReportTemplate" objectId="6993194">Sub Select Attempt</report>
    </row>
    <row idx="213">
      <report type="wt.query.template.ReportTemplate" objectId="6977281">Colorway Report Tech Spec</report>
    </row>
    <row idx="214">
      <report type="wt.query.template.ReportTemplate" objectId="6923440">Palette-Color-ThreadReport2</report>
    </row>
    <row idx="215">
      <report type="wt.query.template.ReportTemplate" objectId="20348899">materialLookupMultiByBom</report>
    </row>
    <row idx="216">
      <report type="wt.query.template.ReportTemplate" objectId="6030278">materialSupplierConditionedWidth</report>
    </row>
    <row idx="217">
      <report type="wt.query.template.ReportTemplate" objectId="5278987">Color for Database</report>
    </row>
    <row idx="218">
      <report type="wt.query.template.ReportTemplate" objectId="5034030">Bub report no records</report>
    </row>
    <row idx="219">
      <report type="wt.query.template.ReportTemplate" objectId="4983254">Fabric Spec Page 1 Prompt for Format (paired down)</report>
    </row>
    <row idx="220">
      <report type="wt.query.template.ReportTemplate" objectId="4955794">Fabric Spec Page 3 - Prompt For Format</report>
    </row>
    <row idx="221">
      <report type="wt.query.template.ReportTemplate" objectId="5030630">Material Color Elastic Audit</report>
    </row>
    <row idx="222">
      <report type="wt.query.template.ReportTemplate" objectId="4479138">techDesignerList</report>
    </row>
    <row idx="223">
      <report type="wt.query.template.ReportTemplate" objectId="4375823">List Query</report>
    </row>
    <row idx="224">
      <report type="wt.query.template.ReportTemplate" objectId="4294367">Garment (Just Sew BOM)</report>
    </row>
    <row idx="225">
      <report type="wt.query.template.ReportTemplate" objectId="4294226">id lookup of garment product</report>
    </row>
    <row idx="226">
      <report type="wt.query.template.ReportTemplate" objectId="4293693">Garment to Pattern for Sew (Just Size and Usage)</report>
    </row>
    <row idx="227">
      <report type="wt.query.template.ReportTemplate" objectId="4210412">exchange container</report>
    </row>
    <row idx="228">
      <report type="wt.query.template.ReportTemplate" objectId="5897323">Specs</report>
    </row>
    <row idx="229">
      <report type="wt.query.template.ReportTemplate" objectId="5622086">
        Block Weights (XML) - just Spread testing for linktolink spec fix
      </report>
    </row>
    <row idx="230">
      <report type="wt.query.template.ReportTemplate" objectId="5270785">Fabric Spec Page 2 for DF</report>
    </row>
    <row idx="231">
      <report type="wt.query.template.ReportTemplate" objectId="5175270">finifh formula</report>
    </row>
    <row idx="232">
      <report type="wt.query.template.ReportTemplate" objectId="5073610">Content With Application Data - SVG</report>
    </row>
    <row idx="233">
      <report type="wt.query.template.ReportTemplate" objectId="4922894">Spec to Spec 4.10.2014</report>
    </row>
    <row idx="234">
      <report type="wt.query.template.ReportTemplate" objectId="4702196">
        Garment (Sourced BOM only) XML replaecment for GJSPX
      </report>
    </row>
    <row idx="235">
      <report type="wt.query.template.ReportTemplate" objectId="4715262">Just Season</report>
    </row>
    <row idx="236">
      <report type="wt.query.template.ReportTemplate" objectId="4373934">
        Garment to Pattern For Sew To Get non-size specific matierials
      </report>
    </row>
    <row idx="237">
      <report type="wt.query.template.ReportTemplate" objectId="4364498">User</report>
    </row>
    <row idx="238">
      <report type="wt.query.template.ReportTemplate" objectId="4294354">Just Garment Use Pattern Product</report>
    </row>
    <row idx="239">
      <report type="wt.query.template.ReportTemplate" objectId="4272953">
        Pattern Product to Garment Product Block Weight Trim (c)
      </report>
    </row>
    <row idx="240">
      <report type="wt.query.template.ReportTemplate" objectId="4272197">Pattern product Block Weight Trim 2.26.2014</report>
    </row>
    <row idx="241">
      <report type="wt.query.template.ReportTemplate" objectId="4271742">Attribute Lists</report>
    </row>
    <row idx="242">
      <report type="wt.query.template.ReportTemplate" objectId="5440760">image report example</report>
    </row>
    <row idx="243">
      <report type="wt.query.template.ReportTemplate" objectId="4955614">Farbic Spec Page 2 - Prompt For Format</report>
    </row>
    <row idx="244">
      <report type="wt.query.template.ReportTemplate" objectId="4801037">Testing Trim 4.2.2014</report>
    </row>
    <row idx="245">
      <report type="wt.query.template.ReportTemplate" objectId="4800796">material lookup</report>
    </row>
    <row idx="246">
      <report type="wt.query.template.ReportTemplate" objectId="4794437">Just Branch</report>
    </row>
    <row idx="247">
      <report type="wt.query.template.ReportTemplate" objectId="4711650">Garment Products For Typeahead</report>
    </row>
    <row idx="248">
      <report type="wt.query.template.ReportTemplate" objectId="4702271">Garment (Sew BOM Only) XML replacement for GJSPX</report>
    </row>
    <row idx="249">
      <report type="wt.query.template.ReportTemplate" objectId="4394119">Garment to Pattern for Fabric Weights</report>
    </row>
    <row idx="250">
      <report type="wt.query.template.ReportTemplate" objectId="4364474">user to group</report>
    </row>
    <row idx="251">
      <report type="wt.query.template.ReportTemplate" objectId="4342719">Thread Elastic Lookup</report>
    </row>
    <row idx="252">
      <report type="wt.query.template.ReportTemplate" objectId="4302793">Garment To Pattern Sew All (no Business Object)</report>
    </row>
    <row idx="253">
      <report type="wt.query.template.ReportTemplate" objectId="4297447">
        Garment To Pattern For Sew To Get Size Specific Materials
      </report>
    </row>
    <row idx="254">
      <report type="wt.query.template.ReportTemplate" objectId="4220617">actual size range</report>
    </row>
    <row idx="255">
      <report type="wt.query.template.ReportTemplate" objectId="4216238">MeasurementSet2</report>
    </row>
    <row idx="256">
      <report type="wt.query.template.ReportTemplate" objectId="6185568">Garment Product Copy of TypeAhead</report>
    </row>
    <row idx="257">
      <report type="wt.query.template.ReportTemplate" objectId="6036772">
        Pattern to Garment for Trim (c) XML trying outer Join
      </report>
    </row>
    <row idx="258">
      <report type="wt.query.template.ReportTemplate" objectId="5631223">bomLinkHighlight</report>
    </row>
    <row idx="259">
      <report type="wt.query.template.ReportTemplate" objectId="5016279">XSL Spec</report>
    </row>
    <row idx="260">
      <report type="wt.query.template.ReportTemplate" objectId="4912034">Bubble Report</report>
    </row>
    <row idx="261">
      <report type="wt.query.template.ReportTemplate" objectId="4790566">Spec to Spec</report>
    </row>
    <row idx="262">
      <report type="wt.query.template.ReportTemplate" objectId="4494719">PatternGarmentUseByGProdForSewBom</report>
    </row>
    <row idx="263">
      <report type="wt.query.template.ReportTemplate" objectId="4574861">Garment to Pattern for Sources (xmltojson)</report>
    </row>
    <row idx="264">
      <report type="wt.query.template.ReportTemplate" objectId="4493894">GtoPforSewJustSizeAndUsageXml</report>
    </row>
    <row idx="265">
      <report type="wt.query.template.ReportTemplate" objectId="4493510">Garment (Just Sew BOM) Xml</report>
    </row>
    <row idx="266">
      <report type="wt.query.template.ReportTemplate" objectId="4490123">Pattern to Garment for Trim (c) XML</report>
    </row>
    <row idx="267">
      <report type="wt.query.template.ReportTemplate" objectId="4254169">queryOfPatternProductsForMeasQuery</report>
    </row>
    <row idx="268">
      <report type="wt.query.template.ReportTemplate" objectId="4226745">justPom</report>
    </row>
    <row idx="269">
      <report type="wt.query.template.ReportTemplate" objectId="4221491">Product - Meas Master - Meas Set - POM</report>
    </row>
    <row idx="270">
      <report type="wt.query.template.ReportTemplate" objectId="4221421">justMeasurements</report>
    </row>
    <row idx="271">
      <report type="wt.query.template.ReportTemplate" objectId="5336283">ReportSoap</report>
    </row>
    <row idx="272">
      <report type="wt.query.template.ReportTemplate" objectId="4143484">Dye Code Hexadecimal</report>
    </row>
    <row idx="273">
      <report type="wt.query.template.ReportTemplate" objectId="4142381">GtoPforSewNewReport</report>
    </row>
    <row idx="274">
      <report type="wt.query.template.ReportTemplate" objectId="4035214">infoEngineFabricSpecPage1</report>
    </row>
    <row idx="275">
      <report type="wt.query.template.ReportTemplate" objectId="4021299">Users</report>
    </row>
    <row idx="276">
      <report type="wt.query.template.ReportTemplate" objectId="3990114">Material link lookup</report>
    </row>
    <row idx="277">
      <report type="wt.query.template.ReportTemplate" objectId="3402705">Garment-Colorway-Product Coloway Bom loading</report>
    </row>
    <row idx="278">
      <report type="wt.query.template.ReportTemplate" objectId="3402666">Colorway BOM with usage items by size</report>
    </row>
    <row idx="279">
      <report type="wt.query.template.ReportTemplate" objectId="3347945">Garment to Pattern Block Weight 2</report>
    </row>
    <row idx="280">
      <report type="wt.query.template.ReportTemplate" objectId="3265180">Cylinder Check</report>
    </row>
    <row idx="281">
      <report type="wt.query.template.ReportTemplate" objectId="3195385">Fabric Spec Page 2 all tables - Data Sheet</report>
    </row>
    <row idx="282">
      <report type="wt.query.template.ReportTemplate" objectId="3180975">Fabric Spec Page 3 for Fernando</report>
    </row>
    <row idx="283">
      <report type="wt.query.template.ReportTemplate" objectId="3064038">
        Fabric Spec Page 2 - (Owner Reference fewer tables)
      </report>
    </row>
    <row idx="284">
      <report type="wt.query.template.ReportTemplate" objectId="3023966">Colorway XML with BOM no Color Reference Material</report>
    </row>
    <row idx="285">
      <report type="wt.query.template.ReportTemplate" objectId="3853337">fabricFamilyPull</report>
    </row>
    <row idx="286">
      <report type="wt.query.template.ReportTemplate" objectId="3824666">withSequence</report>
    </row>
    <row idx="287">
      <report type="wt.query.template.ReportTemplate" objectId="3710536">Fiber Code</report>
    </row>
    <row idx="288">
      <report type="wt.query.template.ReportTemplate" objectId="3626845">For Just Prints - Roller Print Code</report>
    </row>
    <row idx="289">
      <report type="wt.query.template.ReportTemplate" objectId="3613733">just prints no spec part 2</report>
    </row>
    <row idx="290">
      <report type="wt.query.template.ReportTemplate" objectId="3594513">just prints no spec</report>
    </row>
    <row idx="291">
      <report type="wt.query.template.ReportTemplate" objectId="3328162">Garment to Pattern Block Weights for trim</report>
    </row>
    <row idx="292">
      <report type="wt.query.template.ReportTemplate" objectId="3240727">MC Color Pull</report>
    </row>
    <row idx="293">
      <report type="wt.query.template.ReportTemplate" objectId="3229849">Colorway XML With BOM v2 for Data Loading</report>
    </row>
    <row idx="294">
      <report type="wt.query.template.ReportTemplate" objectId="3180777">Fabric Spec Page 2 - For Fernando</report>
    </row>
    <row idx="295">
      <report type="wt.query.template.ReportTemplate" objectId="3273640">Pattern product Usage Data query</report>
    </row>
    <row idx="296">
      <report type="wt.query.template.ReportTemplate" objectId="3391837">Garment to Pattern Sew For Colorway Report</report>
    </row>
    <row idx="297">
      <report type="wt.query.template.ReportTemplate" objectId="3236865">colorway for BOM loading part 2</report>
    </row>
    <row idx="298">
      <report type="wt.query.template.ReportTemplate" objectId="3207690">Value Lists</report>
    </row>
    <row idx="299">
      <report type="wt.query.template.ReportTemplate" objectId="3202945">Routing</report>
    </row>
    <row idx="300">
      <report type="wt.query.template.ReportTemplate" objectId="3202817">Dimensions</report>
    </row>
    <row idx="301">
      <report type="wt.query.template.ReportTemplate" objectId="3202695">Spec Page 2 - Dimensions</report>
    </row>
    <row idx="302">
      <report type="wt.query.template.ReportTemplate" objectId="3182858">Fabric Spec Page 3 - Finish BOMs</report>
    </row>
    <row idx="303">
      <report type="wt.query.template.ReportTemplate" objectId="3154314">
        Fabric Spec Page 2 Fewer tables and for pulling all
      </report>
    </row>
    <row idx="304">
      <report type="wt.query.template.ReportTemplate" objectId="3069376">materialType</report>
    </row>
    <row idx="305">
      <report type="wt.query.template.ReportTemplate" objectId="4203162">Part Codes</report>
    </row>
    <row idx="306">
      <report type="wt.query.template.ReportTemplate" objectId="4155436">Part Code Library</report>
    </row>
    <row idx="307">
      <report type="wt.query.template.ReportTemplate" objectId="4063551">Example Color To Palette Link</report>
    </row>
    <row idx="308">
      <report type="wt.query.template.ReportTemplate" objectId="3667160">Master Elastic Lookup</report>
    </row>
    <row idx="309">
      <report type="wt.query.template.ReportTemplate" objectId="3589600">For Just Prints</report>
    </row>
    <row idx="310">
      <report type="wt.query.template.ReportTemplate" objectId="3320268">Construction Details Query by Garment</report>
    </row>
    <row idx="311">
      <report type="wt.query.template.ReportTemplate" objectId="3290124">Colorway-Garment-Pattern by Colorway</report>
    </row>
    <row idx="312">
      <report type="wt.query.template.ReportTemplate" objectId="3203098">Fabric Supplier Look up</report>
    </row>
    <row idx="313">
      <report type="wt.query.template.ReportTemplate" objectId="3202783">Specifications</report>
    </row>
    <row idx="314">
      <report type="wt.query.template.ReportTemplate" objectId="3089158">Fabric Spec Page 2 (Fewer Tables/Finished Version)</report>
    </row>
    <row idx="315">
      <report type="wt.query.template.ReportTemplate" objectId="2943047">Image Pages</report>
    </row>
    <row idx="316">
      <report type="wt.query.template.ReportTemplate" objectId="2899300">DyeAuditReport</report>
    </row>
    <row idx="317">
      <report type="wt.query.template.ReportTemplate" objectId="2847457">Elastic Material Colors</report>
    </row>
    <row idx="318">
      <report type="wt.query.template.ReportTemplate" objectId="2847452">Elastic Colors only</report>
    </row>
    <row idx="319">
      <report type="wt.query.template.ReportTemplate" objectId="2835187">Master Greige Recursive</report>
    </row>
    <row idx="320">
      <report type="wt.query.template.ReportTemplate" objectId="2815308">Sock report XML version</report>
    </row>
    <row idx="321">
      <report type="wt.query.template.ReportTemplate" objectId="2799940">Fabric Spec Page 1 - XML</report>
    </row>
    <row idx="322">
      <report type="wt.query.template.ReportTemplate" objectId="7236460">lcaMapForThreadDataLoadFIle</report>
    </row>
    <row idx="323">
      <report type="wt.query.template.ReportTemplate" objectId="7178349">Material Data-Fabrics</report>
    </row>
    <row idx="324">
      <report type="wt.query.template.ReportTemplate" objectId="6803357">Master Thread Material Colors</report>
    </row>
    <row idx="325">
      <report type="wt.query.template.ReportTemplate" objectId="6801377">colorMoaForReport3</report>
    </row>
    <row idx="326">
      <report type="wt.query.template.ReportTemplate" objectId="3022084">Colorway XML with BOM</report>
    </row>
    <row idx="327">
      <report type="wt.query.template.ReportTemplate" objectId="3009695">Block Weights (XML) - just Spread</report>
    </row>
    <row idx="328">
      <report type="wt.query.template.ReportTemplate" objectId="3001175">Cylinder Table</report>
    </row>
    <row idx="329">
      <report type="wt.query.template.ReportTemplate" objectId="2996569">Block Weight With Cylinder</report>
    </row>
    <row idx="330">
      <report type="wt.query.template.ReportTemplate" objectId="2996453">Block weight with outer join</report>
    </row>
    <row idx="331">
      <report type="wt.query.template.ReportTemplate" objectId="2964565">Garment Sourced (XML)</report>
    </row>
    <row idx="332">
      <report type="wt.query.template.ReportTemplate" objectId="2960932">Content With Application Data</report>
    </row>
    <row idx="333">
      <report type="wt.query.template.ReportTemplate" objectId="2952142">Colorway Code Report</report>
    </row>
    <row idx="334">
      <report type="wt.query.template.ReportTemplate" objectId="2952074">Colorway Codes</report>
    </row>
    <row idx="335">
      <report type="wt.query.template.ReportTemplate" objectId="2922185">Master Search by Manf Fabric</report>
    </row>
    <row idx="336">
      <report type="wt.query.template.ReportTemplate" objectId="2847918">Material Color with Color Specific</report>
    </row>
    <row idx="337">
      <report type="wt.query.template.ReportTemplate" objectId="2899519">AvailableQueries</report>
    </row>
    <row idx="338">
      <report type="wt.query.template.ReportTemplate" objectId="2974985">Elastic Report With Supplier</report>
    </row>
    <row idx="339">
      <report type="wt.query.template.ReportTemplate" objectId="2964393">Garment to Pattern for Sourced (XML)</report>
    </row>
    <row idx="340">
      <report type="wt.query.template.ReportTemplate" objectId="2960890">Product to Content Class</report>
    </row>
    <row idx="341">
      <report type="wt.query.template.ReportTemplate" objectId="2953074">Colorway Code Report With BOM</report>
    </row>
    <row idx="342">
      <report type="wt.query.template.ReportTemplate" objectId="2884042">Pattern product Block weights Source Fabric Test</report>
    </row>
    <row idx="343">
      <report type="wt.query.template.ReportTemplate" objectId="2835233">Garment to Pattern XML</report>
    </row>
    <row idx="344">
      <report type="wt.query.template.ReportTemplate" objectId="2827180">Elastic Report</report>
    </row>
    <row idx="345">
      <report type="wt.query.template.ReportTemplate" objectId="2798668">Block Weights (XML)</report>
    </row>
    <row idx="346">
      <report type="wt.query.template.ReportTemplate" objectId="2783309">Garment-Colorway-Product</report>
    </row>
    <row idx="347">
      <report type="wt.query.template.ReportTemplate" objectId="2778847">Product to Product</report>
    </row>
    <row idx="348">
      <report type="wt.query.template.ReportTemplate" objectId="2689412">Material Colors For Lab Dip Report</report>
    </row>
    <row idx="349">
      <report type="wt.query.template.ReportTemplate" objectId="2602270">Fabric Spec Page 2 -DF</report>
    </row>
    <row idx="350">
      <report type="wt.query.template.ReportTemplate" objectId="2572511">Fabric Spec Page 1</report>
    </row>
    <row idx="351">
      <report type="wt.query.template.ReportTemplate" objectId="2542803">Pattern usage</report>
    </row>
    <row idx="352">
      <report type="wt.query.template.ReportTemplate" objectId="2470825">Label Product</report>
    </row>
    <row idx="353">
      <report type="wt.query.template.ReportTemplate" objectId="2452242">sourced Back up</report>
    </row>
    <row idx="354">
      <report type="wt.query.template.ReportTemplate" objectId="2336169">Just Threads (For Xochitl)</report>
    </row>
    <row idx="355">
      <report type="wt.query.template.ReportTemplate" objectId="2334467">Label Spec Generator</report>
    </row>
    <row idx="356">
      <report type="wt.query.template.ReportTemplate" objectId="2332038">Marker Report 4.4.2013</report>
    </row>
    <row idx="357">
      <report type="wt.query.template.ReportTemplate" objectId="2331567">Yarn Report with Flex Type Attribute</report>
    </row>
    <row idx="358">
      <report type="wt.query.template.ReportTemplate" objectId="2324820">Label products</report>
    </row>
    <row idx="359">
      <report type="wt.query.template.ReportTemplate" objectId="2323208">4.1.2013</report>
    </row>
    <row idx="360">
      <report type="wt.query.template.ReportTemplate" objectId="2769870">Approved Suppliers</report>
    </row>
    <row idx="361">
      <report type="wt.query.template.ReportTemplate" objectId="2696733">Colorway Link</report>
    </row>
    <row idx="362">
      <report type="wt.query.template.ReportTemplate" objectId="2443413">XML Version</report>
    </row>
    <row idx="363">
      <report type="wt.query.template.ReportTemplate" objectId="2439051">Pantone</report>
    </row>
    <row idx="364">
      <report type="wt.query.template.ReportTemplate" objectId="2434147">Without Pattern Season</report>
    </row>
    <row idx="365">
      <report type="wt.query.template.ReportTemplate" objectId="2378869">Orphan Pantones</report>
    </row>
    <row idx="366">
      <report type="wt.query.template.ReportTemplate" objectId="2434207">Finished Dimensions and Cylinders</report>
    </row>
    <row idx="367">
      <report type="wt.query.template.ReportTemplate" objectId="2370175">4.1.2013 final attributes added (XML test)</report>
    </row>
    <row idx="368">
      <report type="wt.query.template.ReportTemplate" objectId="2332062">Product BOM</report>
    </row>
    <row idx="369">
      <report type="wt.query.template.ReportTemplate" objectId="2704355">Fabrics</report>
    </row>
    <row idx="370">
      <report type="wt.query.template.ReportTemplate" objectId="2700035">Meta</report>
    </row>
    <row idx="371">
      <report type="wt.query.template.ReportTemplate" objectId="2656765">Exeption report (Lab Dips</report>
    </row>
    <row idx="372">
      <report type="wt.query.template.ReportTemplate" objectId="2602331">Fabric Spec Page 3 -DF</report>
    </row>
    <row idx="373">
      <report type="wt.query.template.ReportTemplate" objectId="2602165">Fabric Spec Page 1 -DF</report>
    </row>
    <row idx="374">
      <report type="wt.query.template.ReportTemplate" objectId="2575334">Value Key Store</report>
    </row>
    <row idx="375">
      <report type="wt.query.template.ReportTemplate" objectId="2573492">Fabric Spec Page 3</report>
    </row>
    <row idx="376">
      <report type="wt.query.template.ReportTemplate" objectId="2572978">Fabric Spec Page 2</report>
    </row>
    <row idx="377">
      <report type="wt.query.template.ReportTemplate" objectId="2451975">Garment to Pattern for Sourced</report>
    </row>
    <row idx="378">
      <report type="wt.query.template.ReportTemplate" objectId="2451973">Garment to Pattern for Sew</report>
    </row>
    <row idx="379">
      <report type="wt.query.template.ReportTemplate" objectId="2406664">Yarn Report with Prompts</report>
    </row>
    <row idx="380">
      <report type="wt.query.template.ReportTemplate" objectId="2327368">Report 4.3.2013</report>
    </row>
    <row idx="381">
      <report type="wt.query.template.ReportTemplate" objectId="2323626">4.1.2013 Product. needs final attributes added</report>
    </row>
    <row idx="382">
      <report type="wt.query.template.ReportTemplate" objectId="2323204">4.1.2013 Product</report>
    </row>
    <row idx="383">
      <report type="wt.query.template.ReportTemplate" objectId="2315394">Yarn Report for Fernando</report>
    </row>
    <row idx="384">
      <report type="wt.query.template.ReportTemplate" objectId="2944937">Content Class</report>
    </row>
    <row idx="385">
      <report type="wt.query.template.ReportTemplate" objectId="2799933">Fabric Spec - Page 2 XML</report>
    </row>
    <row idx="386">
      <report type="wt.query.template.ReportTemplate" objectId="2798865">Fabric Spec Page 3 - XML</report>
    </row>
    <row idx="387">
      <report type="wt.query.template.ReportTemplate" objectId="2704580">180567</report>
    </row>
    <row idx="388">
      <report type="wt.query.template.ReportTemplate" objectId="2704154">Colorways (Sock report)</report>
    </row>
    <row idx="389">
      <report type="wt.query.template.ReportTemplate" objectId="2692112">Samples</report>
    </row>
    <row idx="390">
      <report type="wt.query.template.ReportTemplate" objectId="2691426">All Lab Dip Samples</report>
    </row>
    <row idx="391">
      <report type="wt.query.template.ReportTemplate" objectId="2606510">Component to Component link</report>
    </row>
    <row idx="392">
      <report type="wt.query.template.ReportTemplate" objectId="2524715">Reports</report>
    </row>
    <row idx="393">
      <report type="wt.query.template.ReportTemplate" objectId="2491769">Ply Check</report>
    </row>
    <row idx="394">
      <report type="wt.query.template.ReportTemplate" objectId="2439099">Pantone (CSV)</report>
    </row>
    <row idx="395">
      <report type="wt.query.template.ReportTemplate" objectId="2434523">Product-Document Owner</report>
    </row>
    <row idx="396">
      <report type="wt.query.template.ReportTemplate" objectId="2432448">Garment to Pattern Product Block Weights</report>
    </row>
    <row idx="397">
      <report type="wt.query.template.ReportTemplate" objectId="2331637">Master Greige Search</report>
    </row>
    <row idx="398">
      <report type="wt.query.template.ReportTemplate" objectId="2331453">Fabric Spec With Yarn</report>
    </row>
    <row idx="399">
      <report type="wt.query.template.ReportTemplate" objectId="2324826">Label product by Garment Style</report>
    </row>
    <row idx="400">
      <report type="wt.query.template.ReportTemplate" objectId="2771465">Approved Suppliers no supplier</report>
    </row>
    <row idx="401">
      <report type="wt.query.template.ReportTemplate" objectId="2748314">For text block weights</report>
    </row>
    <row idx="402">
      <report type="wt.query.template.ReportTemplate" objectId="2093951">Thread info - All colors on Palettes</report>
    </row>
    <row idx="403">
      <report type="wt.query.template.ReportTemplate" objectId="1935847">Palette-Color</report>
    </row>
    <row idx="404">
      <report type="wt.query.template.ReportTemplate" objectId="1901741">BOM.owner.child.parent.12.6.2012</report>
    </row>
    <row idx="405">
      <report type="wt.query.template.ReportTemplate" objectId="1887498">Major Minor</report>
    </row>
    <row idx="406">
      <report type="wt.query.template.ReportTemplate" objectId="1878628">Fabric Attempt with new joins</report>
    </row>
    <row idx="407">
      <report type="wt.query.template.ReportTemplate" objectId="1886843">value list</report>
    </row>
    <row idx="408">
      <report type="wt.query.template.ReportTemplate" objectId="2327384">Just Threads</report>
    </row>
    <row idx="409">
      <report type="wt.query.template.ReportTemplate" objectId="2294546">Color MOA</report>
    </row>
    <row idx="410">
      <report type="wt.query.template.ReportTemplate" objectId="2265210">Made From Link</report>
    </row>
    <row idx="411">
      <report type="wt.query.template.ReportTemplate" objectId="2293249">EFf</report>
    </row>
    <row idx="412">
      <report type="wt.query.template.ReportTemplate" objectId="2091415">Palette Thread Matching Report</report>
    </row>
    <row idx="413">
      <report type="wt.query.template.ReportTemplate" objectId="2088689">Color.MOA</report>
    </row>
    <row idx="414">
      <report type="wt.query.template.ReportTemplate" objectId="2052399">Xochitl Report</report>
    </row>
    <row idx="415">
      <report type="wt.query.template.ReportTemplate" objectId="1556597">OwnerMOA query</report>
    </row>
    <row idx="416">
      <report type="wt.query.template.ReportTemplate" objectId="1548492">BOM criteria test</report>
    </row>
    <row idx="417">
      <report type="wt.query.template.ReportTemplate" objectId="2314273">Product Partmaster</report>
    </row>
    <row idx="418">
      <report type="wt.query.template.ReportTemplate" objectId="2314033">3.28.2013. Product with out date</report>
    </row>
    <row idx="419">
      <report type="wt.query.template.ReportTemplate" objectId="2311943">3.28.2013</report>
    </row>
    <row idx="420">
      <report type="wt.query.template.ReportTemplate" objectId="2303890">Thread Matching Query (Demo)</report>
    </row>
    <row idx="421">
      <report type="wt.query.template.ReportTemplate" objectId="2261087">Yarn BOM attempt for Fernando with Owner</report>
    </row>
    <row idx="422">
      <report type="wt.query.template.ReportTemplate" objectId="2157741">BOM Marker 2.13.2013</report>
    </row>
    <row idx="423">
      <report type="wt.query.template.ReportTemplate" objectId="2156470">Value list</report>
    </row>
    <row idx="424">
      <report type="wt.query.template.ReportTemplate" objectId="2093810">Thread Matching Report (Excel)</report>
    </row>
    <row idx="425">
      <report type="wt.query.template.ReportTemplate" objectId="2089221">Color-MOA</report>
    </row>
    <row idx="426">
      <report type="wt.query.template.ReportTemplate" objectId="1880268">Fabric attempt with new Joins has supplier</report>
    </row>
    <row idx="427">
      <report type="wt.query.template.ReportTemplate" objectId="1934929">Parent Child BOMLINK 12.12.2012</report>
    </row>
    <row idx="428">
      <report type="wt.query.template.ReportTemplate" objectId="1536744">Bom test (Training)</report>
    </row>
    <row idx="429">
      <report type="wt.query.template.ReportTemplate" objectId="2313918">Business object</report>
    </row>
    <row idx="430">
      <report type="wt.query.template.ReportTemplate" objectId="2312779">Marker Report For Wendy</report>
    </row>
    <row idx="431">
      <report type="wt.query.template.ReportTemplate" objectId="2312729">3.28.2013 (with Child)</report>
    </row>
    <row idx="432">
      <report type="wt.query.template.ReportTemplate" objectId="2298829">Color to Palette</report>
    </row>
    <row idx="433">
      <report type="wt.query.template.ReportTemplate" objectId="2294803">Number</report>
    </row>
    <row idx="434">
      <report type="wt.query.template.ReportTemplate" objectId="2293295">Branch ID.Sequence</report>
    </row>
    <row idx="435">
      <report type="wt.query.template.ReportTemplate" objectId="2292346">BOMLINK-BOMPART 3.19.2013</report>
    </row>
    <row idx="436">
      <report type="wt.query.template.ReportTemplate" objectId="2157894">BOMPart Stamps time</report>
    </row>
    <row idx="437">
      <report type="wt.query.template.ReportTemplate" objectId="2114094">Federated</report>
    </row>
    <row idx="438">
      <report type="wt.query.template.ReportTemplate" objectId="1882570">Part_Master</report>
    </row>
    <row idx="439">
      <report type="wt.query.template.ReportTemplate" objectId="1556921">MOA All</report>
    </row>
    <row idx="440">
      <report type="wt.query.template.ReportTemplate" objectId="10872">Open Change Notices</report>
    </row>
    <row idx="441">
      <report type="wt.query.template.ReportTemplate" objectId="10870">Open Change Requests</report>
    </row>
    <row idx="442">
      <report type="wt.query.template.ReportTemplate" objectId="10868">Open Problem Reports</report>
    </row>
    <row idx="443">
      <report type="wt.query.template.ReportTemplate" objectId="10268">Variance_ChangeAdmin_NotGiven</report>
    </row>
    <row idx="444">
      <report type="wt.query.template.ReportTemplate" objectId="10266">Variance_ChangeAdmin_Given</report>
    </row>
    <row idx="445">
      <report type="wt.query.template.ReportTemplate" objectId="10264">ChangeNotice_ChangeAdmin_NotGiven</report>
    </row>
    <row idx="446">
      <report type="wt.query.template.ReportTemplate" objectId="10262">ChangeNotice_ChangeAdmin_Given</report>
    </row>
    <row idx="447">
      <report type="wt.query.template.ReportTemplate" objectId="10260">ChangeRequest_ChangeAdmin_NotGiven</report>
    </row>
    <row idx="448">
      <report type="wt.query.template.ReportTemplate" objectId="10258">ChangeRequest_ChangeAdmin_Given</report>
    </row>
    <row idx="449">
      <report type="wt.query.template.ReportTemplate" objectId="10256">ProblemReport_ChangeAdmin_NotGiven</report>
    </row>
    <row idx="450">
      <report type="wt.query.template.ReportTemplate" objectId="10254">ProblemReport_ChangeAdmin_Given</report>
    </row>
    <row idx="451">
      <report type="wt.query.template.ReportTemplate" objectId="10907">All Average Problem Report Completion Time</report>
    </row>
    <row idx="452">
      <report type="wt.query.template.ReportTemplate" objectId="10905">All Average Change Notice Completion Time</report>
    </row>
    <row idx="453">
      <report type="wt.query.template.ReportTemplate" objectId="10903">All Average Change Request Completion Time</report>
    </row>
    <row idx="454">
      <report type="wt.query.template.ReportTemplate" objectId="10901">Average Problem Report Completion Time</report>
    </row>
    <row idx="455">
      <report type="wt.query.template.ReportTemplate" objectId="10899">Average Change Notice Completion Time</report>
    </row>
    <row idx="456">
      <report type="wt.query.template.ReportTemplate" objectId="10897">Average Change Request Completion Time</report>
    </row>
    <row idx="457">
      <report type="wt.query.template.ReportTemplate" objectId="10892">All Change Notice Influx And Resolution</report>
    </row>
    <row idx="458">
      <report type="wt.query.template.ReportTemplate" objectId="10890">All Change Request Influx And Resolution</report>
    </row>
    <row idx="459">
      <report type="wt.query.template.ReportTemplate" objectId="10888">All Problem Report Influx And Resolution</report>
    </row>
    <row idx="460">
      <report type="wt.query.template.ReportTemplate" objectId="10886">Change Request Track Breakdown</report>
    </row>
    <row idx="461">
      <report type="wt.query.template.ReportTemplate" objectId="10884">Change Notice Influx And Resolution</report>
    </row>
    <row idx="462">
      <report type="wt.query.template.ReportTemplate" objectId="10882">Change Request Influx And Resolution</report>
    </row>
    <row idx="463">
      <report type="wt.query.template.ReportTemplate" objectId="10880">Problem Report Influx And Resolution</report>
    </row>
    <row idx="464">
      <report type="wt.query.template.ReportTemplate" objectId="10878">All Open Change Notices</report>
    </row>
    <row idx="465">
      <report type="wt.query.template.ReportTemplate" objectId="1501946">BOM part Display</report>
    </row>
    <row idx="466">
      <report type="wt.query.template.ReportTemplate" objectId="1495772">Fabric With MOAs</report>
    </row>
    <row idx="467">
      <report type="wt.query.template.ReportTemplate" objectId="1495552">Fabric</report>
    </row>
    <row idx="468">
      <report type="wt.query.template.ReportTemplate" objectId="1495422">Matt test 2</report>
    </row>
    <row idx="469">
      <report type="wt.query.template.ReportTemplate" objectId="1495419">Matt Test</report>
    </row>
    <row idx="470">
      <report type="wt.query.template.ReportTemplate" objectId="10909">Domain Reports</report>
    </row>
    <row idx="471">
      <report type="wt.query.template.ReportTemplate" objectId="10876">All Open Change Requests</report>
    </row>
    <row idx="472">
      <report type="wt.query.template.ReportTemplate" objectId="10874">All Open Problem Reports</report>
    </row>
    <row idx="473">
      <report type="wt.query.template.ReportTemplate" objectId="5563">Processes Initiated by Current User</report>
    </row>
    <row idx="474">
      <report type="wt.query.template.ReportTemplate" objectId="5560">Overdue Running Processes</report>
    </row>
  </result>
</queryResult>