<?xml version="1.0" encoding="UTF-8"?>
<queryResult>
  <metadata>
    <name>garmentProdSpecGarmentAndPatternComponentsWEachConnectionBOMS</name>

    <description></description>

    <objectIdentifier>wt.query.template.ReportTemplate:9953826</objectIdentifier>

    <sourceSystem>http://wsflexwebprd1v.res.hbi.net:80/Windchill</sourceSystem>

    <sourceGateway>http://wsflexwebprd1v.res.hbi.net/Windchill/servlet/WindchillAuthGW/</sourceGateway>

    <executingPrincipal>
      <fullName>menglish</fullName>

      <objectIdentifier>wt.org.WTUser:150128</objectIdentifier>
</executingPrincipal>

    <timeOfExecution>2015-05-11 20:48:37 GMT</timeOfExecution>

    <locale>en_US</locale>
</metadata>

  <auxData>
    <dataItem name="xsl2"></dataItem>

    <dataItem name="oid">OR:wt.query.template.ReportTemplate:9953826</dataItem>

    <dataItem name="xsl1"></dataItem>

    <dataItem name="action">ExecuteReport</dataItem>

    <dataItem name="gSpecId">5532928</dataItem>

    <dataItem name="format">formatDelegate</dataItem>

    <dataItem name="delegateName">XML</dataItem>

    <dataItem name="garmentProductName">GP 10188 Boys Knit Brief ExpWB B252</dataItem>

    <dataItem name="jrb">wt.query.template.reportTemplateRB</dataItem>
</auxData>

  <qml bypassAccessControl="true">
	
    <parameter name="garmentProductName" type="java.lang.String"></parameter>

	
    <parameter name="gSpecId" type="java.lang.Object"></parameter>

	
    <statement>
		
      <query>
			
        <select distinct="true" group="false">
				
          <object alias="Garment Product" heading="Pattern Product" propertyName=""></object>

				
          <column alias="Garment Spec" heading="Name" isExternal="false" propertyName="name" selectOnly="false" type="java.lang.String">
					master&gt;name
				</column>

				
          <column alias="com.lcs.wc.season.LCSSeason" heading="com.lcs.wc.season.LCSSeason Name" isExternal="false" propertyName="name" selectOnly="false" type="java.lang.String">
					master&gt;name
				</column>

				
          <column alias="Garment Product" heading="Att1" isExternal="false" propertyName="att1" selectOnly="false" type="java.lang.String">
					att1
				</column>

				
          <column alias="Garment Spec" heading="Pattern Spec Att1" isExternal="false" propertyName="att1" selectOnly="false" type="java.lang.String">
					att1
				</column>

				
          <column alias="Garment Product" heading="Number" isExternal="false" propertyName="number" selectOnly="false" type="java.lang.String">
					master&gt;number
				</column>

				
          <column alias="com.lcs.wc.season.LCSSeason" heading="Persist Info.Object Identifier.Id" isExternal="false" propertyName="persistInfo.objectIdentifier.id" selectOnly="false" type="long">
					thePersistInfo.theObjectIdentifier.id
				</column>

				
          <column alias="Garment Spec" heading="Garment Spec Persist Info.Object Identifier.Id" isExternal="false" propertyName="persistInfo.objectIdentifier.id" selectOnly="false" type="long">
					thePersistInfo.theObjectIdentifier.id
				</column>

				
          <object alias="Pattern Spec" heading="Pattern Spec" propertyName=""></object>

				
          <column alias="Pattern Spec" heading="Pattern Spec Name" isExternal="false" propertyName="name" selectOnly="false" type="java.lang.String">
					master&gt;name
				</column>

				
          <column alias="com.lcs.wc.specification.FlexSpecToComponentLink" heading="Component Type" isExternal="false" propertyName="componentType" selectOnly="false" type="java.lang.String">
					componentType
				</column>

				
          <column alias="com.lcs.wc.specification.FlexSpecToComponentLink" heading="Component Parent Id" isExternal="false" propertyName="componentParentId" selectOnly="false" type="java.lang.String">
					componentParentId
				</column>

				
          <column alias="com.lcs.wc.specification.FlexSpecToComponentLink" heading="Spec Version" isExternal="false" propertyName="specVersion" selectOnly="false" type="java.lang.String">
					specVersion
				</column>

				
          <column alias="Pattern Spec" heading="Flex Type Id Path" isExternal="false" propertyName="flexTypeIdPath" selectOnly="false" type="java.lang.String">
					flexTypeIdPath
				</column>

				
          <column alias="com.lcs.wc.specification.FlexSpecToComponentLink" heading="Component Reference.Object Id.Id" isExternal="false" propertyName="componentReference.objectId.id" selectOnly="false" type="long">
					componentReference.key.id
				</column>

				
          <column alias="com.lcs.wc.flexbom.FlexBOMPart" heading="com.lcs.wc.flexbom.FlexBOMPart Persist Info.Object Identifier.Id" isExternal="false" propertyName="persistInfo.objectIdentifier.id" selectOnly="false" type="long">
					thePersistInfo.theObjectIdentifier.id
				</column>

				
          <column alias="com.lcs.wc.flexbom.FlexBOMPart" heading="master>thePersistInfo.theObjectIdentifier.id" isExternal="false" selectOnly="false" type="long">
					master&gt;thePersistInfo.theObjectIdentifier.id
				</column>

				
          <column alias="com.lcs.wc.flexbom.FlexBOMPart" heading="com.lcs.wc.flexbom.FlexBOMPart Name" isExternal="false" propertyName="name" selectOnly="false" type="java.lang.String">
					master&gt;name
				</column>

				
          <column alias="com.lcs.wc.flexbom.FlexBOMPart" heading="Type Display" isExternal="false" propertyName="typeDisplay" selectOnly="false" type="java.lang.String">
					typeDisplay
				</column>

				
          <column alias="com.lcs.wc.flexbom.FlexBOMPart" heading="Branch Identifier" isExternal="false" propertyName="branchIdentifier" selectOnly="false" type="long">
					iterationInfo.branchId
				</column>

				
          <column alias="com.lcs.wc.flexbom.FlexBOMPart" heading="com.lcs.wc.flexbom.FlexBOMPart Flex Type Id Path" isExternal="false" propertyName="flexTypeIdPath" selectOnly="false" type="java.lang.String">
					flexTypeIdPath
				</column>

				
          <object alias="com.lcs.wc.flexbom.FlexBOMPart" heading="Flex Type.Type Name" propertyName="flexType.typeName">
					
            <property name="flexType">
						
              <property name="typeName"></property>

					</property>

				</object>

			</select>

			
        <from>
				
          <table alias="Garment Product" isExternal="false">
					com.lcs.wc.product.LCSProduct
				</table>

				
          <table alias="Garment Spec" isExternal="false">
					com.lcs.wc.specification.FlexSpecification
				</table>

				
          <table alias="com.lcs.wc.season.LCSSeason" isExternal="false">
					com.lcs.wc.season.LCSSeason
				</table>

				
          <table alias="specToSpecLink" isExternal="false">
					com.lcs.wc.specification.SpecToSpecLink
				</table>

				
          <table alias="Pattern Spec" isExternal="false">
					com.lcs.wc.specification.FlexSpecification
				</table>

				
          <table alias="com.lcs.wc.specification.FlexSpecToComponentLink" isExternal="false">
					com.lcs.wc.specification.FlexSpecToComponentLink
				</table>

				
          <table alias="com.lcs.wc.flexbom.FlexBOMPart" isExternal="false">
					com.lcs.wc.flexbom.FlexBOMPart
				</table>

			</from>

			
        <where>
				
          <compositeCondition type="and">
					
            <condition>
						
              <operand>
							
                <column alias="Garment Product" heading="Iteration (iterationInfo).Latest" isExternal="false" propertyName="iterationInfo.latest" selectOnly="false" type="boolean">
								iterationInfo.latest
							</column>

						</operand>

						
              <operator type="equal"></operator>

						
              <operand>
							
                <constant heading="1" isMacro="false" type="java.lang.Object">
								1
							</constant>

						</operand>

					</condition>

					
            <condition>
						
              <operand>
							
                <column alias="Garment Spec" heading="Spec Owner Reference.Object Id.Id" isExternal="false" propertyName="specOwnerReference.objectId.id" selectOnly="false" type="long">
								specOwnerReference.key.id
							</column>

						</operand>

						
              <operator type="equal"></operator>

						
              <operand>
							
                <column alias="Garment Product" heading="Master Reference.Object Id.Id" isExternal="false" propertyName="masterReference.objectId.id" selectOnly="false" type="long">
								masterReference.key.id
							</column>

						</operand>

					</condition>

					
            <condition>
						
              <operand>
							
                <column alias="Garment Spec" heading="Latest Iteration" isExternal="false" propertyName="latestIteration" selectOnly="false" type="boolean">
								iterationInfo.latest
							</column>

						</operand>

						
              <operator type="equal"></operator>

						
              <operand>
							
                <constant heading="1" isMacro="false" type="java.lang.Object">
								1
							</constant>

						</operand>

					</condition>

					
            <condition>
						
              <operand>
							
                <column alias="Garment Product" heading="Flex Type Id Path" isExternal="false" propertyName="flexTypeIdPath" selectOnly="false" type="java.lang.String">
								flexTypeIdPath
							</column>

						</operand>

						
              <operator type="like"></operator>

						
              <operand>
							
                <constant heading="%1157890%" isMacro="false" type="java.lang.String">
								%1157890%
							</constant>

						</operand>

					</condition>

					
            <condition>
						
              <operand>
							
                <column alias="Garment Product" heading="Name" isExternal="false" propertyName="name" selectOnly="false" type="java.lang.String">
								master&gt;name
							</column>

						</operand>

						
              <operator type="equal"></operator>

						
              <operand>
							
                <parameterTarget name="garmentProductName"></parameterTarget>

						</operand>

					</condition>

					
            <condition>
						
              <operand>
							
                <column alias="Garment Product" heading="Season Master Reference.Object Id.Id" isExternal="false" propertyName="seasonMasterReference.objectId.id" selectOnly="false" type="long">
								seasonMasterReference.key.id
							</column>

						</operand>

						
              <operator type="equal"></operator>

						
              <operand>
							
                <column alias="com.lcs.wc.season.LCSSeason" heading="Master Reference.Object Id.Id" isExternal="false" propertyName="masterReference.objectId.id" selectOnly="false" type="long">
								masterReference.key.id
							</column>

						</operand>

					</condition>

					
            <condition>
						
              <operand>
							
                <column alias="com.lcs.wc.season.LCSSeason" heading="iterationInfo.identifier.iterationId" isExternal="false" selectOnly="false" type="java.lang.String">
								iterationInfo.identifier.iterationId
							</column>

						</operand>

						
              <operator type="equal"></operator>

						
              <operand>
							
                <constant heading="1" isMacro="false" type="java.lang.String">
								1
							</constant>

						</operand>

					</condition>

					
            <condition>
						
              <operand>
							
                <column alias="Garment Spec" heading="Master Reference.Object Id.Id" isExternal="false" propertyName="masterReference.objectId.id" selectOnly="false" type="long">
								masterReference.key.id
							</column>

						</operand>

						
              <operator type="equal"></operator>

						
              <operand>
							
                <column alias="specToSpecLink" heading="roleAObjectRef.key.id" isExternal="false" selectOnly="false" type="long">
								roleAObjectRef.key.id
							</column>

						</operand>

					</condition>

					
            <condition>
						
              <operand>
							
                <column alias="Pattern Spec" heading="Master Reference.Object Id.Id" isExternal="false" propertyName="masterReference.objectId.id" selectOnly="false" type="long">
								masterReference.key.id
							</column>

						</operand>

						
              <operator type="equal"></operator>

						
              <operand>
							
                <column alias="specToSpecLink" heading="roleBObjectRef.key.id" isExternal="false" selectOnly="false" type="long">
								roleBObjectRef.key.id
							</column>

						</operand>

					</condition>

					
            <condition>
						
              <operand>
							
                <column alias="Pattern Spec" heading="iterationInfo.identifier.iterationId" isExternal="false" selectOnly="false" type="java.lang.String">
								iterationInfo.identifier.iterationId
							</column>

						</operand>

						
              <operator type="equal"></operator>

						
              <operand>
							
                <constant heading="1" isMacro="false" type="java.lang.Object">
								1
							</constant>

						</operand>

					</condition>

					
            <compositeCondition type="or">
						
              <condition>
							
                <operand>
								
                  <column alias="com.lcs.wc.specification.FlexSpecToComponentLink" heading="Specification Master Reference.Object Id.Id" isExternal="false" propertyName="specificationMasterReference.objectId.id" selectOnly="false" type="long">
									specificationMasterReference.key.id
								</column>

							</operand>

							
                <operator type="equal"></operator>

							
                <operand>
								
                  <column alias="Pattern Spec" heading="master>thePersistInfo.theObjectIdentifier.id" isExternal="false" selectOnly="false" type="long">
									master&gt;thePersistInfo.theObjectIdentifier.id
								</column>

							</operand>

						</condition>

						
              <condition>
							
                <operand>
								
                  <column alias="com.lcs.wc.specification.FlexSpecToComponentLink" heading="Specification Master Reference.Object Id.Id" isExternal="false" propertyName="specificationMasterReference.objectId.id" selectOnly="false" type="long">
									specificationMasterReference.key.id
								</column>

							</operand>

							
                <operator type="equal"></operator>

							
                <operand>
								
                  <column alias="Garment Spec" heading="master>thePersistInfo.theObjectIdentifier.id" isExternal="false" selectOnly="false" type="long">
									master&gt;thePersistInfo.theObjectIdentifier.id
								</column>

							</operand>

						</condition>

					</compositeCondition>

					
            <condition>
						
              <operand>
							
                <column alias="com.lcs.wc.flexbom.FlexBOMPart" heading="Master Reference.Object Id.Id" isExternal="false" propertyName="masterReference.objectId.id" selectOnly="false" type="long">
								masterReference.key.id
							</column>

						</operand>

						
              <operator type="equal"></operator>

						
              <operand>
							
                <column alias="com.lcs.wc.specification.FlexSpecToComponentLink" heading="Component Reference.Object Id.Id" isExternal="false" propertyName="componentReference.objectId.id" selectOnly="false" type="long">
								componentReference.key.id
							</column>

						</operand>

					</condition>

					
            <condition>
						
              <operand>
							
                <column alias="com.lcs.wc.flexbom.FlexBOMPart" heading="iterationInfo.identifier.iterationId" isExternal="false" selectOnly="false" type="java.lang.String">
								iterationInfo.identifier.iterationId
							</column>

						</operand>

						
              <operator type="equal"></operator>

						
              <operand>
							
                <constant heading="1" isMacro="false" type="java.lang.Object">
								1
							</constant>

						</operand>

					</condition>

					
            <condition>
						
              <operand>
							
                <column alias="Garment Spec" heading="Persist Info.Object Identifier.Id" isExternal="false" propertyName="persistInfo.objectIdentifier.id" selectOnly="false" type="long">
								thePersistInfo.theObjectIdentifier.id
							</column>

						</operand>

						
              <operator type="equal"></operator>

						
              <operand>
							
                <parameterTarget name="gSpecId"></parameterTarget>

						</operand>

					</condition>

				</compositeCondition>

			</where>

		</query>

	</statement>

</qml>

  <actualParameter parameterId="gSpecId" displayName="5532928">5532928</actualParameter>

  <actualParameter parameterId="garmentProductName" displayName="GP 10188 Boys Knit Brief ExpWB B252">GP 10188 Boys Knit Brief ExpWB B252</actualParameter>

  <result>
    <heading type="com.lcs.wc.product.LCSProduct" tag="Pattern_Product">Pattern Product</heading>

    <heading type="java.lang.String" tag="Name">Name</heading>

    <heading type="java.lang.String" tag="com_lcs_wc_season_LCSSeason_Name">com.lcs.wc.season.LCSSeason Name</heading>

    <heading type="java.lang.String" tag="Att_">Att1</heading>

    <heading type="java.lang.String" tag="Pattern_Spec_Att_">Pattern Spec Att1</heading>

    <heading type="java.lang.String" tag="Number">Number</heading>

    <heading type="java.lang.Long" tag="Persist_Info_Object_Identifier_Id">Persist Info.Object Identifier.Id</heading>

    <heading type="java.lang.Long" tag="Garment_Spec_Persist_Info_Object_Identifier_Id">Garment Spec Persist Info.Object Identifier.Id</heading>

    <heading type="com.lcs.wc.specification.FlexSpecification" tag="Pattern_Spec">Pattern Spec</heading>

    <heading type="java.lang.String" tag="Pattern_Spec_Name">Pattern Spec Name</heading>

    <heading type="java.lang.String" tag="Component_Type">Component Type</heading>

    <heading type="java.lang.String" tag="Component_Parent_Id">Component Parent Id</heading>

    <heading type="java.lang.String" tag="Spec_Version">Spec Version</heading>

    <heading type="java.lang.String" tag="Flex_Type_Id_Path">Flex Type Id Path</heading>

    <heading type="java.lang.Long" tag="Component_Reference_Object_Id_Id">Component Reference.Object Id.Id</heading>

    <heading type="java.lang.Long" tag="com_lcs_wc_flexbom_FlexBOMPart_Persist_Info_Object_Identifier_Id">com.lcs.wc.flexbom.FlexBOMPart Persist Info.Object Identifier.Id</heading>

    <heading type="java.lang.Long" tag="master_thePersistInfo_theObjectIdentifier_id">master&gt;thePersistInfo.theObjectIdentifier.id</heading>

    <heading type="java.lang.String" tag="com_lcs_wc_flexbom_FlexBOMPart_Name">com.lcs.wc.flexbom.FlexBOMPart Name</heading>

    <heading type="java.lang.String" tag="Type_Display">Type Display</heading>

    <heading type="java.lang.Long" tag="Branch_Identifier">Branch Identifier</heading>

    <heading type="java.lang.String" tag="com_lcs_wc_flexbom_FlexBOMPart_Flex_Type_Id_Path">com.lcs.wc.flexbom.FlexBOMPart Flex Type Id Path</heading>

    <heading type="java.lang.String" tag="Flex_Type_Type_Name">Flex Type.Type Name</heading>
</result>
</queryResult>
